{
  "xét tuyển kết hợp": {
    "precision": 0.9953161592505855,
    "recall": 0.9953161592505855,
    "f1-score": 0.9953161592505855,
    "support": 427,
    "confused_with": {
      "điểm trúng tuyển": 1,
      "xin chào": 1
    }
  },
  "xin chào": {
    "precision": 0.9649122807017544,
    "recall": 1.0,
    "f1-score": 0.9821428571428572,
    "support": 55,
    "confused_with": {}
  },
  "các ngành đào tạo": {
    "precision": 0.9696969696969697,
    "recall": 0.9411764705882353,
    "f1-score": 0.955223880597015,
    "support": 34,
    "confused_with": {
      "xin chào": 1,
      "cảm ơn": 1
    }
  },
  "học phí": {
    "precision": 1.0,
    "recall": 0.8666666666666667,
    "f1-score": 0.9285714285714286,
    "support": 15,
    "confused_with": {
      "xét tuyển kết hợp": 1,
      "các ngành đào tạo": 1
    }
  },
  "điểm trúng tuyển": {
    "precision": 0.9743589743589743,
    "recall": 0.987012987012987,
    "f1-score": 0.9806451612903225,
    "support": 77,
    "confused_with": {
      "xét tuyển kết hợp": 1
    }
  },
  "cảm ơn": {
    "precision": 0.9821428571428571,
    "recall": 1.0,
    "f1-score": 0.9909909909909909,
    "support": 55,
    "confused_with": {}
  },
  "địa chỉ cơ sở": {
    "precision": 1.0,
    "recall": 0.8333333333333334,
    "f1-score": 0.9090909090909091,
    "support": 6,
    "confused_with": {
      "điểm trúng tuyển": 1
    }
  },
  "out_of_scope": {
    "precision": 1.0,
    "recall": 1.0,
    "f1-score": 1.0,
    "support": 2,
    "confused_with": {}
  },
  "accuracy": 0.9880774962742176,
  "macro avg": {
    "precision": 0.9858034051438926,
    "recall": 0.9529382021064761,
    "f1-score": 0.9677476733667636,
    "support": 671
  },
  "weighted avg": {
    "precision": 0.9882017445257699,
    "recall": 0.9880774962742176,
    "f1-score": 0.9879176868705393,
    "support": 671
  },
  "micro avg": {
    "precision": 0.9880774962742176,
    "recall": 0.9880774962742176,
    "f1-score": 0.9880774962742176,
    "support": 671
  }
}